module_number,headword,source_file,questions,omitted_exercises,questions_without_chinese_translation,options_without_individual_feedback,false_synonym_cards
5,begin,Begin_Synonyms_Complete_Teaching_Material.md,36,0,36,175,12
7,actually,actually_close_synonyms_teaching_material.md,10,0,10,30,5
14,immediately,immediately_synonyms_complete.md,28,0,28,0,8
15,a few years ago,A_Few_Years_Ago_Synonyms_Complete_MD.md,0,0,0,0,8
16,building,building_synonym_teaching_material.md,1,27,1,0,8
19,amazing,Amazing_Synonyms_Complete_Teaching_Material.md,44,0,44,220,14
20,calm,calm_synonyms_complete.md,28,0,28,0,8
25,situation,situation_synonyms_complete.md,28,0,27,0,8
26,ability,ability_synonyms_complete.md,28,0,28,0,8
28,goal,Goal_Synonyms_Complete_Teaching_Material.md,36,0,36,180,12
32,train,Train_Synonyms_Complete_Teaching_Material.md,40,0,40,200,14
37,adapt,adapt_synonyms_complete.md,28,0,28,0,8
39,according to,according_to_synonym_teaching_material.md,28,0,28,0,8
40,account,account_synonyms_complete.md,28,0,28,0,8
42,quality,Quality_Synonyms_Complete_Teaching_Material.md,40,0,40,200,12
43,a variety of,a_variety_of_synonym_teaching_material.md,28,0,28,0,8
44,a range of,a_range_of_synonyms_material.md,28,0,28,0,8
51,actors,actors_close_synonyms_material.md,16,0,16,0,8
53,accommodation,accommodation_synonyms_material.md,28,0,28,0,8
56,recalls,Recalls_Synonyms_Complete_MD.md,26,2,0,0,8
