source_file,exercise,issue
Recalls_Synonyms_Complete_MD.md,04.1,Recalls_Synonyms_Complete_MD.md: 04.1: source answer 'summons up' does not match a supplied option
Recalls_Synonyms_Complete_MD.md,07.2,Recalls_Synonyms_Complete_MD.md: 07.2: source answer 'casts her mind back to' does not match a supplied option
building_synonym_teaching_material.md,01.2,building_synonym_teaching_material.md: 01.2: source supplies an answer-only prompt with no multiple-choice options
building_synonym_teaching_material.md,02.1,building_synonym_teaching_material.md: 02.1: source supplies an answer-only prompt with no multiple-choice options
building_synonym_teaching_material.md,02.2,building_synonym_teaching_material.md: 02.2: source supplies an answer-only prompt with no multiple-choice options
building_synonym_teaching_material.md,03.1,building_synonym_teaching_material.md: 03.1: source supplies an answer-only prompt with no multiple-choice options
building_synonym_teaching_material.md,03.2,building_synonym_teaching_material.md: 03.2: source supplies an answer-only prompt with no multiple-choice options
building_synonym_teaching_material.md,04.1,building_synonym_teaching_material.md: 04.1: source supplies an answer-only prompt with no multiple-choice options
building_synonym_teaching_material.md,04.2,building_synonym_teaching_material.md: 04.2: source supplies an answer-only prompt with no multiple-choice options
building_synonym_teaching_material.md,05.1,building_synonym_teaching_material.md: 05.1: source supplies an answer-only prompt with no multiple-choice options
building_synonym_teaching_material.md,05.2,building_synonym_teaching_material.md: 05.2: source supplies an answer-only prompt with no multiple-choice options
building_synonym_teaching_material.md,06.1,building_synonym_teaching_material.md: 06.1: source supplies an answer-only prompt with no multiple-choice options
building_synonym_teaching_material.md,06.2,building_synonym_teaching_material.md: 06.2: source supplies an answer-only prompt with no multiple-choice options
building_synonym_teaching_material.md,07.1,building_synonym_teaching_material.md: 07.1: source supplies an answer-only prompt with no multiple-choice options
building_synonym_teaching_material.md,07.2,building_synonym_teaching_material.md: 07.2: source supplies an answer-only prompt with no multiple-choice options
building_synonym_teaching_material.md,08.1,building_synonym_teaching_material.md: 08.1: source supplies an answer-only prompt with no multiple-choice options
building_synonym_teaching_material.md,08.2,building_synonym_teaching_material.md: 08.2: source supplies an answer-only prompt with no multiple-choice options
building_synonym_teaching_material.md,09.1,building_synonym_teaching_material.md: 09.1: source supplies an answer-only prompt with no multiple-choice options
building_synonym_teaching_material.md,09.2,building_synonym_teaching_material.md: 09.2: source supplies an answer-only prompt with no multiple-choice options
building_synonym_teaching_material.md,10.1,building_synonym_teaching_material.md: 10.1: source supplies an answer-only prompt with no multiple-choice options
building_synonym_teaching_material.md,10.2,building_synonym_teaching_material.md: 10.2: source supplies an answer-only prompt with no multiple-choice options
building_synonym_teaching_material.md,11.1,building_synonym_teaching_material.md: 11.1: source supplies an answer-only prompt with no multiple-choice options
building_synonym_teaching_material.md,11.2,building_synonym_teaching_material.md: 11.2: source supplies an answer-only prompt with no multiple-choice options
building_synonym_teaching_material.md,12.1,building_synonym_teaching_material.md: 12.1: source supplies an answer-only prompt with no multiple-choice options
building_synonym_teaching_material.md,12.2,building_synonym_teaching_material.md: 12.2: source supplies an answer-only prompt with no multiple-choice options
building_synonym_teaching_material.md,13.1,building_synonym_teaching_material.md: 13.1: source supplies an answer-only prompt with no multiple-choice options
building_synonym_teaching_material.md,13.2,building_synonym_teaching_material.md: 13.2: source supplies an answer-only prompt with no multiple-choice options
building_synonym_teaching_material.md,14.1,building_synonym_teaching_material.md: 14.1: source supplies an answer-only prompt with no multiple-choice options
building_synonym_teaching_material.md,14.2,building_synonym_teaching_material.md: 14.2: source supplies an answer-only prompt with no multiple-choice options
