module_number,headword,source_lesson_id,taught_alternatives,questions
3,a lot of,2,5,10
4,able,7,5,10
5,allow,58,5,10
6,agree,50,3,6
7,although,61,7,14
8,alone,59,3,6
9,actually,21,5,10
10,according to,13,3,6
11,answer,79,4,8
12,age,46,3,6
13,area,96,4,8
14,amount,66,6,12
15,affect,41,5,10
16,appear,85,3,6
17,apply,88,3,6
18,access,9,5,10
19,activity,19,3,6
20,active,18,3,6
21,alternative,60,4,8
22,advantage,33,5,10
23,advice,39,4,8
24,ability,6,6,12
25,approach,91,5,10
26,argue,97,5,10
27,argument,98,6,12
28,adult,31,1,2
29,animal,70,4,8
30,amazing,63,8,16
31,angry,69,5,10
32,aim,52,4,8
33,achieve,17,7,14
34,afford,42,4,8
35,affordable,43,5,10
36,app,82,4,8
37,AI,51,3,6
38,academic,8,4,8
39,appropriate,92,4,8
40,approximately,93,4,8
41,appreciate,89,4,8
42,appeal,83,4,8
43,appearance,86,3,6
44,application,87,3,6
45,account,14,3,6
46,a number of,3,4,8
47,a variety of,5,5,10
48,a range of,4,5,10
49,a few years ago,1,5,10
50,around the world,99,5,10
51,all over the world,57,3,6
52,advantages and disadvantages,34,7,14
53,adopt,30,4,8
54,alert,56,4,8
55,annoying,76,4,8
56,annual,77,3,6
57,appealing,84,4,8
58,apprenticeship,90,4,8
59,actors,20,4,8
60,airport,54,3,6
61,accidents,11,3,6
62,accommodation,12,3,6
63,adventure,35,3,6
64,adapt,22,4,8
65,adaptable,25,4,8
66,addicted,26,4,8
67,addicts,28,4,8
68,anxiety,80,4,8
69,apartments,81,3,6
70,animation,73,3,6
71,anime,74,2,4
72,arrested,100,3,6
73,aerial,40,3,6
74,analysts,67,5,10
75,angrier,68,4,8
76,age discrimination,47,3,6
77,age limit,48,3,6
78,age limits,49,3,6
79,airport ambassadors,55,4,8
80,ambassadors,65,5,10
81,advertise,36,3,6
82,advertisement,37,3,6
83,advertising,38,2,4
84,accounting,15,1,2
85,adaptability,23,4,8
86,adaptability quotient,24,3,6
87,addicted to technology,27,5,10
88,adding subtitles,29,3,6
89,adulthood,32,2,4
90,after-school hangouts,44,3,6
91,afternoon naps,45,5,10
92,air-conditioned gondolas,53,3,6
93,amazing and enjoyable experience,64,5,10
94,animal welfare,71,2,4
95,animal-assisted therapy,72,3,6
96,anime movies,75,3,6
97,annual passes,78,3,6
98,architectural heritage,94,4,8
99,architecture,95,3,6
100,amaze,62,5,10
101,accessible,10,5,10
102,accuse,16,4,8
