reader,leaf,kind,original_page,source_words,second_ocr_words,ocr_agreement,review_status,note,url
2012-b1,1,data,1,172,172,0.983,automated comparison only,,https://edmundeducation.com/paper3/2012-b1/#page-1
2012-b1,2,data,2,285,295,0.979,automated comparison only,,https://edmundeducation.com/paper3/2012-b1/#page-2
2012-b1,3,data,3,63,63,0.984,automated comparison only,,https://edmundeducation.com/paper3/2012-b1/#page-3
2012-b1,4,data,4,259,265,0.989,automated comparison only,,https://edmundeducation.com/paper3/2012-b1/#page-4
2012-b1,5,data,5,266,268,0.989,automated comparison only,,https://edmundeducation.com/paper3/2012-b1/#page-5
2012-b1,6,data,6,167,167,1.0,automated comparison only,,https://edmundeducation.com/paper3/2012-b1/#page-6
2012-b1,7,data,7,233,233,0.996,automated comparison only,,https://edmundeducation.com/paper3/2012-b1/#page-7
2012-b1,8,data,8,,183,0.721,manual correction checked,book-jacket columns manually transcribed against scan; visual layout still needs redrawing,https://edmundeducation.com/paper3/2012-b1/#page-8
2012-b1,9,data,9,189,237,0.873,automated comparison only,,https://edmundeducation.com/paper3/2012-b1/#page-9
2012-b1,10,qab,1,85,117,0.792,automated comparison only,,https://edmundeducation.com/paper3/2012-b1/#page-10
2012-b1,11,qab,2,43,97,0.586,automated comparison only,,https://edmundeducation.com/paper3/2012-b1/#page-11
2012-b1,12,qab,3,33,85,0.559,automated comparison only,,https://edmundeducation.com/paper3/2012-b1/#page-12
2012-b1,13,qab,4,8,67,0.213,automated comparison only,,https://edmundeducation.com/paper3/2012-b1/#page-13
2014-b1,1,data,1,188,188,0.973,automated comparison only,,https://edmundeducation.com/paper3/2014-b1/#page-1
2014-b1,2,data,2,298,308,0.96,automated comparison only,,https://edmundeducation.com/paper3/2014-b1/#page-2
2014-b1,3,data,3,49,43,0.935,automated comparison only,,https://edmundeducation.com/paper3/2014-b1/#page-3
2014-b1,4,data,4,266,269,0.983,automated comparison only,,https://edmundeducation.com/paper3/2014-b1/#page-4
2014-b1,5,data,5,133,127,0.977,automated comparison only,,https://edmundeducation.com/paper3/2014-b1/#page-5
2014-b1,6,data,6,223,247,0.945,automated comparison only,,https://edmundeducation.com/paper3/2014-b1/#page-6
2014-b1,7,data,7,318,327,0.955,automated comparison only,,https://edmundeducation.com/paper3/2014-b1/#page-7
2014-b1,8,data,8,161,160,0.953,automated comparison only,,https://edmundeducation.com/paper3/2014-b1/#page-8
2014-b1,9,data,9,315,310,0.989,automated comparison only,,https://edmundeducation.com/paper3/2014-b1/#page-9
2014-b1,10,data,10,196,205,0.968,automated comparison only,,https://edmundeducation.com/paper3/2014-b1/#page-10
2014-b1,11,qab,30,115,195,0.742,automated comparison only,,https://edmundeducation.com/paper3/2014-b1/#page-11
2014-b1,12,qab,31,36,122,0.456,automated comparison only,,https://edmundeducation.com/paper3/2014-b1/#page-12
2014-b1,13,qab,32,30,84,0.509,automated comparison only,,https://edmundeducation.com/paper3/2014-b1/#page-13
2014-b1,14,qab,33,8,60,0.235,automated comparison only,,https://edmundeducation.com/paper3/2014-b1/#page-14
2014-b2,1,data,11,189,187,0.968,automated comparison only,,https://edmundeducation.com/paper3/2014-b2/#page-1
2014-b2,2,data,12,320,357,0.877,automated comparison only,,https://edmundeducation.com/paper3/2014-b2/#page-2
2014-b2,3,data,13,49,43,0.935,automated comparison only,,https://edmundeducation.com/paper3/2014-b2/#page-3
2014-b2,4,data,14,263,269,0.981,automated comparison only,,https://edmundeducation.com/paper3/2014-b2/#page-4
2014-b2,5,data,15,385,391,0.977,automated comparison only,,https://edmundeducation.com/paper3/2014-b2/#page-5
2014-b2,6,data,16,313,313,1.0,automated comparison only,,https://edmundeducation.com/paper3/2014-b2/#page-6
2014-b2,7,data,17,417,412,0.992,automated comparison only,,https://edmundeducation.com/paper3/2014-b2/#page-7
2014-b2,8,data,18,280,287,0.963,automated comparison only,,https://edmundeducation.com/paper3/2014-b2/#page-8
2014-b2,9,data,19,308,302,0.987,automated comparison only,,https://edmundeducation.com/paper3/2014-b2/#page-9
2014-b2,10,data,20,216,218,0.963,automated comparison only,,https://edmundeducation.com/paper3/2014-b2/#page-10
2014-b2,11,data,21,174,175,0.986,automated comparison only,,https://edmundeducation.com/paper3/2014-b2/#page-11
2014-b2,12,qab,34,49,100,0.617,automated comparison only,,https://edmundeducation.com/paper3/2014-b2/#page-12
2014-b2,13,qab,35,4,68,0.111,automated comparison only,,https://edmundeducation.com/paper3/2014-b2/#page-13
2014-b2,14,qab,36,31,88,0.521,automated comparison only,,https://edmundeducation.com/paper3/2014-b2/#page-14
2014-b2,15,qab,37,4,47,0.157,automated comparison only,,https://edmundeducation.com/paper3/2014-b2/#page-15
2014-b2,16,qab,38,35,89,0.565,automated comparison only,,https://edmundeducation.com/paper3/2014-b2/#page-16
2014-b2,17,qab,39,8,44,0.308,automated comparison only,,https://edmundeducation.com/paper3/2014-b2/#page-17
2015-b1,1,data,13,188,185,0.954,automated comparison only,,https://edmundeducation.com/paper3/2015-b1/#page-1
2015-b1,2,data,14,292,331,0.918,automated comparison only,,https://edmundeducation.com/paper3/2015-b1/#page-2
2015-b1,3,data,15,44,38,0.927,automated comparison only,,https://edmundeducation.com/paper3/2015-b1/#page-3
2015-b1,4,data,16,288,286,0.997,automated comparison only,,https://edmundeducation.com/paper3/2015-b1/#page-4
2015-b1,5,data,17,275,268,0.98,automated comparison only,,https://edmundeducation.com/paper3/2015-b1/#page-5
2015-b1,6,data,18,206,207,0.964,automated comparison only,,https://edmundeducation.com/paper3/2015-b1/#page-6
2015-b1,7,data,19,348,345,0.984,automated comparison only,,https://edmundeducation.com/paper3/2015-b1/#page-7
2015-b1,8,data,20,331,355,0.965,automated comparison only,,https://edmundeducation.com/paper3/2015-b1/#page-8
2015-b1,9,data,21,154,195,0.802,confirmed layout issue,iTunes table and two charts flattened,https://edmundeducation.com/paper3/2015-b1/#page-9
2015-b1,10,qab,25,82,175,0.638,automated comparison only,,https://edmundeducation.com/paper3/2015-b1/#page-10
2015-b1,11,qab,26,28,70,0.571,automated comparison only,,https://edmundeducation.com/paper3/2015-b1/#page-11
2015-b1,12,qab,27,36,107,0.49,automated comparison only,,https://edmundeducation.com/paper3/2015-b1/#page-12
2015-b1,13,qab,28,8,50,0.276,automated comparison only,,https://edmundeducation.com/paper3/2015-b1/#page-13
2016-b1,1,data,9,182,188,0.968,automated comparison only,,https://edmundeducation.com/paper3/2016-b1/#page-1
2016-b1,2,data,10,237,248,0.965,automated comparison only,,https://edmundeducation.com/paper3/2016-b1/#page-2
2016-b1,3,data,11,41,35,0.921,automated comparison only,,https://edmundeducation.com/paper3/2016-b1/#page-3
2016-b1,4,data,12,321,321,0.997,automated comparison only,,https://edmundeducation.com/paper3/2016-b1/#page-4
2016-b1,5,data,13,197,191,0.979,automated comparison only,,https://edmundeducation.com/paper3/2016-b1/#page-5
2016-b1,6,data,14,323,323,1.0,automated comparison only,,https://edmundeducation.com/paper3/2016-b1/#page-6
2016-b1,7,data,15,258,262,0.992,automated comparison only,,https://edmundeducation.com/paper3/2016-b1/#page-7
2016-b1,8,data,16,187,161,0.713,confirmed layout issue,survey and progress tables flattened,https://edmundeducation.com/paper3/2016-b1/#page-8
2016-b1,9,data,17,158,158,0.994,automated comparison only,,https://edmundeducation.com/paper3/2016-b1/#page-9
2016-b1,10,qab,28,150,189,0.832,automated comparison only,,https://edmundeducation.com/paper3/2016-b1/#page-10
2016-b1,11,qab,29,26,64,0.556,automated comparison only,,https://edmundeducation.com/paper3/2016-b1/#page-11
2016-b1,12,qab,30,44,91,0.652,automated comparison only,,https://edmundeducation.com/paper3/2016-b1/#page-12
2016-b1,13,qab,31,8,52,0.267,automated comparison only,,https://edmundeducation.com/paper3/2016-b1/#page-13
2018-b1,1,data,15,182,186,0.973,automated comparison only,,https://edmundeducation.com/paper3/2018-b1/#page-1
2018-b1,2,data,16,274,283,0.973,automated comparison only,,https://edmundeducation.com/paper3/2018-b1/#page-2
2018-b1,3,data,17,48,43,0.901,automated comparison only,,https://edmundeducation.com/paper3/2018-b1/#page-3
2018-b1,4,data,18,284,283,0.998,automated comparison only,,https://edmundeducation.com/paper3/2018-b1/#page-4
2018-b1,5,data,19,349,366,0.89,automated comparison only,,https://edmundeducation.com/paper3/2018-b1/#page-5
2018-b1,6,data,20,102,128,0.8,confirmed layout issue,questionnaire charts flattened,https://edmundeducation.com/paper3/2018-b1/#page-6
2018-b1,7,data,21,267,263,0.955,automated comparison only,,https://edmundeducation.com/paper3/2018-b1/#page-7
2018-b1,8,data,22,192,194,0.995,automated comparison only,,https://edmundeducation.com/paper3/2018-b1/#page-8
2018-b1,9,data,23,182,182,0.995,automated comparison only,,https://edmundeducation.com/paper3/2018-b1/#page-9
2018-b1,10,qab,11,123,216,0.696,automated comparison only,,https://edmundeducation.com/paper3/2018-b1/#page-10
2018-b1,11,qab,12,32,68,0.62,automated comparison only,,https://edmundeducation.com/paper3/2018-b1/#page-11
2018-b1,12,qab,13,38,83,0.628,automated comparison only,,https://edmundeducation.com/paper3/2018-b1/#page-12
2018-b1,13,qab,14,9,56,0.246,automated comparison only,,https://edmundeducation.com/paper3/2018-b1/#page-13
2019-b1,1,data,25,182,189,0.965,automated comparison only,,https://edmundeducation.com/paper3/2019-b1/#page-1
2019-b1,2,data,26,303,320,0.96,automated comparison only,,https://edmundeducation.com/paper3/2019-b1/#page-2
2019-b1,3,data,27,73,67,0.957,automated comparison only,,https://edmundeducation.com/paper3/2019-b1/#page-3
2019-b1,4,data,28,305,305,0.997,automated comparison only,,https://edmundeducation.com/paper3/2019-b1/#page-4
2019-b1,5,data,29,66,64,0.908,automated comparison only,,https://edmundeducation.com/paper3/2019-b1/#page-5
2019-b1,6,data,30,300,299,0.998,automated comparison only,,https://edmundeducation.com/paper3/2019-b1/#page-6
2019-b1,7,data,31,275,290,0.927,automated comparison only,,https://edmundeducation.com/paper3/2019-b1/#page-7
2019-b1,8,data,32,128,142,0.896,automated comparison only,,https://edmundeducation.com/paper3/2019-b1/#page-8
2019-b1,9,data,33,260,200,0.87,automated comparison only,,https://edmundeducation.com/paper3/2019-b1/#page-9
2019-b1,10,data,34,105,108,0.948,automated comparison only,,https://edmundeducation.com/paper3/2019-b1/#page-10
2019-b1,11,qab,13,136,155,0.797,automated comparison only,,https://edmundeducation.com/paper3/2019-b1/#page-11
2019-b1,12,qab,14,30,70,0.58,automated comparison only,,https://edmundeducation.com/paper3/2019-b1/#page-12
2019-b1,13,qab,15,67,118,0.714,manual correction checked,mark value verified against scan,https://edmundeducation.com/paper3/2019-b1/#page-13
2019-b1,14,qab,16,8,56,0.25,automated comparison only,,https://edmundeducation.com/paper3/2019-b1/#page-14
2019-b2,1,data,37,188,187,0.965,automated comparison only,,https://edmundeducation.com/paper3/2019-b2/#page-1
2019-b2,2,data,38,294,301,0.965,automated comparison only,,https://edmundeducation.com/paper3/2019-b2/#page-2
2019-b2,3,data,39,73,67,0.957,automated comparison only,,https://edmundeducation.com/paper3/2019-b2/#page-3
2019-b2,4,data,40,285,285,1.0,automated comparison only,,https://edmundeducation.com/paper3/2019-b2/#page-4
2019-b2,5,data,41,429,437,0.926,automated comparison only,,https://edmundeducation.com/paper3/2019-b2/#page-5
2019-b2,6,data,42,278,278,1.0,automated comparison only,,https://edmundeducation.com/paper3/2019-b2/#page-6
2019-b2,7,data,43,184,184,0.967,automated comparison only,,https://edmundeducation.com/paper3/2019-b2/#page-7
2019-b2,8,data,44,361,398,0.949,automated comparison only,,https://edmundeducation.com/paper3/2019-b2/#page-8
2019-b2,9,data,45,354,391,0.913,automated comparison only,,https://edmundeducation.com/paper3/2019-b2/#page-9
2019-b2,10,data,46,165,161,0.982,automated comparison only,,https://edmundeducation.com/paper3/2019-b2/#page-10
2019-b2,11,data,47,186,185,0.992,automated comparison only,,https://edmundeducation.com/paper3/2019-b2/#page-11
2019-b2,12,qab,17,47,93,0.643,automated comparison only,,https://edmundeducation.com/paper3/2019-b2/#page-12
2019-b2,13,qab,18,0,48,0.0,automated comparison only,,https://edmundeducation.com/paper3/2019-b2/#page-13
2019-b2,14,qab,19,10,74,0.238,automated comparison only,,https://edmundeducation.com/paper3/2019-b2/#page-14
2019-b2,15,qab,20,77,138,0.698,automated comparison only,,https://edmundeducation.com/paper3/2019-b2/#page-15
2019-b2,16,qab,21,4,54,0.138,automated comparison only,,https://edmundeducation.com/paper3/2019-b2/#page-16
2019-b2,17,qab,22,33,73,0.604,automated comparison only,,https://edmundeducation.com/paper3/2019-b2/#page-17
2019-b2,18,qab,23,0,62,0.0,automated comparison only,,https://edmundeducation.com/paper3/2019-b2/#page-18
2019-b2,19,qab,24,8,45,0.302,automated comparison only,,https://edmundeducation.com/paper3/2019-b2/#page-19
2020-b1,1,data,18,173,172,0.986,automated comparison only,,https://edmundeducation.com/paper3/2020-b1/#page-1
2020-b1,2,data,19,271,291,0.929,automated comparison only,,https://edmundeducation.com/paper3/2020-b1/#page-2
2020-b1,3,data,20,57,57,0.982,automated comparison only,,https://edmundeducation.com/paper3/2020-b1/#page-3
2020-b1,4,data,21,356,349,0.984,automated comparison only,,https://edmundeducation.com/paper3/2020-b1/#page-4
2020-b1,5,data,22,271,282,0.98,automated comparison only,,https://edmundeducation.com/paper3/2020-b1/#page-5
2020-b1,6,data,23,342,345,0.996,automated comparison only,,https://edmundeducation.com/paper3/2020-b1/#page-6
2020-b1,7,data,24,224,218,0.986,automated comparison only,,https://edmundeducation.com/paper3/2020-b1/#page-7
2020-b1,8,data,25,212,227,0.966,automated comparison only,,https://edmundeducation.com/paper3/2020-b1/#page-8
2020-b1,9,data,26,67,99,0.795,confirmed layout issue,Wikipedia-style page and images not reconstructed; article text checked against scan,https://edmundeducation.com/paper3/2020-b1/#page-9
2020-b1,10,data,27,163,154,0.864,confirmed layout issue,calendar flattened,https://edmundeducation.com/paper3/2020-b1/#page-10
2020-b1,11,qab,12,54,103,0.688,automated comparison only,,https://edmundeducation.com/paper3/2020-b1/#page-11
2020-b1,12,qab,13,34,115,0.456,automated comparison only,,https://edmundeducation.com/paper3/2020-b1/#page-12
2020-b1,13,qab,14,4,57,0.131,automated comparison only,,https://edmundeducation.com/paper3/2020-b1/#page-13
2020-b1,14,qab,15,123,183,0.804,automated comparison only,,https://edmundeducation.com/paper3/2020-b1/#page-14
2021-b1,1,data,8,182,190,0.941,automated comparison only,,https://edmundeducation.com/paper3/2021-b1/#page-1
2021-b1,2,data,9,283,302,0.834,automated comparison only,,https://edmundeducation.com/paper3/2021-b1/#page-2
2021-b1,3,data,10,47,52,0.869,automated comparison only,,https://edmundeducation.com/paper3/2021-b1/#page-3
2021-b1,4,data,11,310,321,0.935,automated comparison only,,https://edmundeducation.com/paper3/2021-b1/#page-4
2021-b1,5,data,12,272,272,1.0,automated comparison only,,https://edmundeducation.com/paper3/2021-b1/#page-5
2021-b1,6,data,13,238,241,0.973,automated comparison only,,https://edmundeducation.com/paper3/2021-b1/#page-6
2021-b1,7,data,14,246,250,0.927,automated comparison only,,https://edmundeducation.com/paper3/2021-b1/#page-7
2021-b1,8,data,15,206,222,0.776,manual correction checked,manually transcribed and compared with scan,https://edmundeducation.com/paper3/2021-b1/#page-8
2021-b1,9,data,16,144,143,0.76,confirmed layout issue,TV schedule and chart flattened,https://edmundeducation.com/paper3/2021-b1/#page-9
2021-b1,10,data,17,114,122,0.856,automated comparison only,,https://edmundeducation.com/paper3/2021-b1/#page-10
2021-b1,11,qab,28,98,184,0.624,automated comparison only,,https://edmundeducation.com/paper3/2021-b1/#page-11
2021-b1,12,qab,29,33,120,0.379,automated comparison only,,https://edmundeducation.com/paper3/2021-b1/#page-12
2021-b1,13,qab,30,39,88,0.614,automated comparison only,,https://edmundeducation.com/paper3/2021-b1/#page-13
2021-b1,14,qab,31,8,133,0.043,automated comparison only,,https://edmundeducation.com/paper3/2021-b1/#page-14
2021-b2,1,data,18,146,165,0.817,automated comparison only,,https://edmundeducation.com/paper3/2021-b2/#page-1
2021-b2,2,data,19,289,295,0.788,manual correction checked,manually transcribed and compared with scan,https://edmundeducation.com/paper3/2021-b2/#page-2
2021-b2,3,data,20,28,52,0.45,confirmed layout issue,note-taking form flattened,https://edmundeducation.com/paper3/2021-b2/#page-3
2021-b2,4,data,21,264,300,0.887,manual correction checked,manually transcribed; right scan edge is clipped,https://edmundeducation.com/paper3/2021-b2/#page-4
2021-b2,5,data,22,369,416,0.851,automated comparison only,,https://edmundeducation.com/paper3/2021-b2/#page-5
2021-b2,6,data,23,330,331,0.965,automated comparison only,,https://edmundeducation.com/paper3/2021-b2/#page-6
2021-b2,7,data,24,223,221,0.973,automated comparison only,,https://edmundeducation.com/paper3/2021-b2/#page-7
2021-b2,8,data,25,379,377,0.907,automated comparison only,,https://edmundeducation.com/paper3/2021-b2/#page-8
2021-b2,9,data,26,294,379,0.829,automated comparison only,,https://edmundeducation.com/paper3/2021-b2/#page-9
2021-b2,10,data,27,315,304,0.943,automated comparison only,,https://edmundeducation.com/paper3/2021-b2/#page-10
2021-b2,11,qab,32,54,113,0.467,automated comparison only,,https://edmundeducation.com/paper3/2021-b2/#page-11
2021-b2,12,qab,33,3,82,0.071,automated comparison only,,https://edmundeducation.com/paper3/2021-b2/#page-12
2021-b2,13,qab,34,56,148,0.529,automated comparison only,,https://edmundeducation.com/paper3/2021-b2/#page-13
2021-b2,14,qab,35,0,68,0.0,automated comparison only,,https://edmundeducation.com/paper3/2021-b2/#page-14
2021-b2,15,qab,36,4,63,0.06,automated comparison only,,https://edmundeducation.com/paper3/2021-b2/#page-15
2021-b2,16,qab,37,32,190,0.279,automated comparison only,,https://edmundeducation.com/paper3/2021-b2/#page-16
2021-b2,17,qab,38,8,54,0.258,automated comparison only,,https://edmundeducation.com/paper3/2021-b2/#page-17
2022-b1,1,data,13,187,186,0.971,automated comparison only,,https://edmundeducation.com/paper3/2022-b1/#page-1
2022-b1,2,data,14,285,295,0.972,automated comparison only,,https://edmundeducation.com/paper3/2022-b1/#page-2
2022-b1,3,data,15,0,4,0.0,source page unavailable,source page 3 absent from supplied PDF; no faithful reconstruction possible,https://edmundeducation.com/paper3/2022-b1/#page-3
2022-b1,4,data,16,396,396,1.0,automated comparison only,,https://edmundeducation.com/paper3/2022-b1/#page-4
2022-b1,5,data,17,69,63,0.955,automated comparison only,,https://edmundeducation.com/paper3/2022-b1/#page-5
2022-b1,6,data,18,307,317,0.978,automated comparison only,,https://edmundeducation.com/paper3/2022-b1/#page-6
2022-b1,7,data,19,110,104,0.972,automated comparison only,,https://edmundeducation.com/paper3/2022-b1/#page-7
2022-b1,8,data,20,101,93,0.907,confirmed layout issue,inventory table flattened,https://edmundeducation.com/paper3/2022-b1/#page-8
2022-b1,9,data,21,103,99,0.95,automated comparison only,,https://edmundeducation.com/paper3/2022-b1/#page-9
2022-b1,10,data,22,182,179,0.992,automated comparison only,,https://edmundeducation.com/paper3/2022-b1/#page-10
2022-b1,11,data,23,242,235,0.985,automated comparison only,,https://edmundeducation.com/paper3/2022-b1/#page-11
2022-b1,12,qab,24,62,138,0.62,automated comparison only,,https://edmundeducation.com/paper3/2022-b1/#page-12
2022-b1,13,qab,25,41,81,0.639,automated comparison only,,https://edmundeducation.com/paper3/2022-b1/#page-13
2022-b1,14,qab,26,10,68,0.256,automated comparison only,,https://edmundeducation.com/paper3/2022-b1/#page-14
2022-b1,15,qab,27,149,213,0.757,automated comparison only,,https://edmundeducation.com/paper3/2022-b1/#page-15
2023-b1,1,data,16,173,171,0.983,automated comparison only,,https://edmundeducation.com/paper3/2023-b1/#page-1
2023-b1,2,data,17,280,310,0.929,automated comparison only,,https://edmundeducation.com/paper3/2023-b1/#page-2
2023-b1,3,data,18,78,78,1.0,automated comparison only,,https://edmundeducation.com/paper3/2023-b1/#page-3
2023-b1,4,data,19,271,281,0.967,automated comparison only,,https://edmundeducation.com/paper3/2023-b1/#page-4
2023-b1,5,data,20,288,287,0.991,automated comparison only,,https://edmundeducation.com/paper3/2023-b1/#page-5
2023-b1,6,data,21,240,293,0.901,automated comparison only,,https://edmundeducation.com/paper3/2023-b1/#page-6
2023-b1,7,data,22,194,234,0.893,automated comparison only,,https://edmundeducation.com/paper3/2023-b1/#page-7
2023-b1,8,data,23,161,177,0.929,automated comparison only,,https://edmundeducation.com/paper3/2023-b1/#page-8
2023-b1,9,data,24,257,258,0.975,automated comparison only,,https://edmundeducation.com/paper3/2023-b1/#page-9
2023-b1,10,data,25,238,246,0.971,automated comparison only,,https://edmundeducation.com/paper3/2023-b1/#page-10
2023-b1,11,qab,12,195,225,0.843,automated comparison only,,https://edmundeducation.com/paper3/2023-b1/#page-11
2023-b1,12,qab,13,29,132,0.36,automated comparison only,,https://edmundeducation.com/paper3/2023-b1/#page-12
2023-b1,13,qab,14,32,81,0.566,automated comparison only,,https://edmundeducation.com/paper3/2023-b1/#page-13
2023-b1,14,qab,15,8,75,0.193,automated comparison only,,https://edmundeducation.com/paper3/2023-b1/#page-14
2023-b2,1,data,34,173,172,0.98,automated comparison only,,https://edmundeducation.com/paper3/2023-b2/#page-1
2023-b2,2,data,35,265,282,0.951,automated comparison only,,https://edmundeducation.com/paper3/2023-b2/#page-2
2023-b2,3,data,36,76,76,0.987,automated comparison only,,https://edmundeducation.com/paper3/2023-b2/#page-3
2023-b2,4,data,37,350,359,0.976,automated comparison only,,https://edmundeducation.com/paper3/2023-b2/#page-4
2023-b2,5,data,38,387,392,0.976,automated comparison only,,https://edmundeducation.com/paper3/2023-b2/#page-5
2023-b2,6,data,39,150,162,0.897,automated comparison only,,https://edmundeducation.com/paper3/2023-b2/#page-6
2023-b2,7,data,40,370,369,0.991,automated comparison only,,https://edmundeducation.com/paper3/2023-b2/#page-7
2023-b2,8,data,41,261,264,0.983,automated comparison only,,https://edmundeducation.com/paper3/2023-b2/#page-8
2023-b2,9,data,42,507,501,0.974,automated comparison only,,https://edmundeducation.com/paper3/2023-b2/#page-9
2023-b2,10,data,43,595,593,0.987,automated comparison only,,https://edmundeducation.com/paper3/2023-b2/#page-10
2023-b2,11,qab,26,54,96,0.72,automated comparison only,,https://edmundeducation.com/paper3/2023-b2/#page-11
2023-b2,12,qab,27,0,58,0.0,automated comparison only,,https://edmundeducation.com/paper3/2023-b2/#page-12
2023-b2,13,qab,28,10,55,0.308,automated comparison only,,https://edmundeducation.com/paper3/2023-b2/#page-13
2023-b2,14,qab,29,32,90,0.525,automated comparison only,,https://edmundeducation.com/paper3/2023-b2/#page-14
2023-b2,15,qab,30,4,56,0.133,automated comparison only,,https://edmundeducation.com/paper3/2023-b2/#page-15
2023-b2,16,qab,31,35,91,0.556,automated comparison only,,https://edmundeducation.com/paper3/2023-b2/#page-16
2023-b2,17,qab,32,0,52,0.0,automated comparison only,,https://edmundeducation.com/paper3/2023-b2/#page-17
2023-b2,18,qab,33,8,48,0.286,automated comparison only,,https://edmundeducation.com/paper3/2023-b2/#page-18
